,0,1
0,-30.28309403,-30.28309403
1,-33.28865439,-33.28865439
2,-26.91089296,-26.91089296
3,-18.13419616,-18.13419616
4,-15.04881987,-15.04881987
5,-18.09122798,-18.09122798
6,-10.8935701,-10.8935701
7,0,0
8,0,0
9,-16.51147807,-16.51147807
10,-18.47786006,-18.47786006
11,-21.43984318,-21.43984318
12,-24.87841338,-24.87841338
13,-25.39188457,-25.39188457
14,-29.71318638,-29.71318638
15,-35.41180036,-35.41180036
16,-36.05368735,-39.64649031
17,-36.84941931,-40.73291603
18,-34.9352127,-40.578491
19,-30.89605945,-37.17443833
20,-25.91396005,-32.91117778
21,-25.41432726,-45.10082823
22,-26.00051431,-16.31662583
23,-13.98109033,0
24,-2.34416518,0
25,-6.702987093,-23.78485972
26,-18.33775388,-23.85313427
27,-24.77015593,-24.97102579
28,-27.05213936,-26.49248916
29,-25.19554839,-25.91483945
30,-29.78901874,-29.14688939
31,-34.55186954,-32.41708714
32,-35.50714152,-35.07359397
33,-34.92823817,-38.02159336
34,-31.2271561,-36.46438545
35,-29.02811778,-37.2034781
36,-30.67167955,-29.83203462
37,-30.35580437,-36.91800469
38,-21.42487567,-12.70378268
39,-10.19575505,0
40,-1.928131545,-14.50707012
41,-17.39881526,-38.15742186
42,-29.49658223,-42.1831935
43,-34.70471449,-43.81951192
44,-39.56145677,-44.55626866
45,-38.10121855,-35.03085983
46,-37.37835937,-40.95818156
47,-40.02997474,-45.67270985
48,-39.83182215,-46.52974939
49,-37.88446128,-52.11034691
50,-38.21156825,-44.31327151
51,-34.55161982,-38.69964838
52,-32.1841286,-31.97425872
53,-29.97769359,-39.29971763
54,-18.05215514,-13.58689427
55,-7.047681989,0
56,-3.16404933,-9.933535814
57,-38.79328994,-28.66030246
58,-27.77471314,-29.69448048
59,-32.06224983,-29.80982178
60,-31.19332996,-32.17460126
61,-27.77089588,-24.22374594
62,-27.72248448,-28.89451277
63,-33.77401092,-33.9143312
64,-34.3813891,-38.64587796
65,-37.33376522,-43.74797355
66,-35.30593274,-41.38710628
67,-32.41530464,-32.44745325
68,-28.02194308,-23.04474878
69,-24.00099018,-19.1146872
70,-10.13677781,-6.262124136
71,-0.951864651,0
72,-2.313341708,0
73,-5.580391947,-7.424364686
74,-10.46405721,-20.45277724
75,-21.54793172,-26.6652922
76,-26.84819548,-32.41674411
77,-28.31597308,-28.55489719
78,-29.38582227,-34.17584646
79,-30.92071109,-34.03418159
80,-34.0549897,-29.83915883
81,-32.31128731,-26.5996893
82,-26.83093457,-20.77106279
83,-20.50423254,-14.93446171
84,-10.82802866,-8.028637439
85,-7.155659277,-0.074203983
86,0.708749925,0
87,0.48327004,-1.845879436
88,-1.100648553,0
89,-0.48505315,-11.05865747
90,-12.44868689,-21.76715773
91,-21.50210678,-27.65866119
92,-24.98334567,-31.93840972
93,-29.12833568,-27.70918775
94,-28.94005921,-34.58961713
95,-31.20719576,-37.91369581
96,-35.16857683,-38.77135944
97,-32.84443706,-38.79551291
98,-33.01706991,-35.43730354
99,-28.67103166,-32.92886925
100,-18.78474774,-23.82551935
101,-13.00648828,-24.60296643
102,-11.96648743,-4.640663624
103,-6.710371883,0
104,0.235766595,-0.539562315
105,-3.633096484,-22.38779998
106,-19.23024919,-29.82866449
107,-27.16390418,-34.32970835
108,-32.0127979,-37.36151238
109,-33.0960729,-33.01461303
110,-34.61121543,-38.31572866
111,-38.15031968,-40.75530791
112,-39.33522176,-42.208736
113,-37.32850312,-43.460869
114,-34.25910601,-40.6709742
115,-34.30157153,-37.16391683
116,-27.83411254,-28.55019188
117,-23.88666269,-30.41660511
118,-13.39333356,-8.84527421
119,-5.143963923,0
120,1.445659237,0
121,-4.83754864,-19.80344367
122,-18.3167649,-22.88650578
123,-23.84227071,-25.94256532
124,-27.12722995,-28.30012965
125,-27.64500364,-27.14183599
126,-30.29064935,-29.70621073
127,-31.43078486,-32.31222761
128,-32.85403967,-36.4224245
129,-32.31767319,-35.21279538
130,-29.58637106,-34.72727966
131,-28.29506735,-34.52251625
132,-25.16000388,-26.9160744
133,-21.72436399,-25.83003652
134,-13.92232119,-8.762567043
135,-6.182591269,0
136,0.015673683,0
137,-5.152091949,-12.7300297
138,-12.87037506,-14.51959682
139,-16.79662783,-16.43747491
140,-19.14923649,-18.23796439
141,-19.19928896,-19.91734552
142,-23.52438581,-21.73186439
143,-25.08271926,-25.45046943
144,-27.11434522,-27.64836347
145,-26.26851917,-30.28740454
146,-25.97254486,-29.07955796
147,-24.67129963,-30.07284033
148,-21.60325224,-22.15920734
149,-18.04034067,-24.18119341
150,-12.8924224,-10.47995436
151,-12.72613976,0
152,-5.718372175,0
153,-9.059264371,-18.89477839
154,-15.52960711,-23.68530017
155,-19.62263604,-28.02614838
156,-24.04080978,-31.62970328
157,-26.2327844,-26.03179622
158,-25.28304804,-30.17461592
159,-29.1500679,-31.2203064
160,-29.21529427,-28.8743102
161,-25.1915587,-26.28499246
162,-23.13442488,-19.74002302
163,-16.76170764,-11.63526577
164,-8.682265476,-8.97258848
165,-10.03189833,-6.749425381
166,-3.001857455,-4.879794717
167,-4.183055252,0
168,-1.93071206,0
169,-5.114068009,-10.72115833
170,-15.03300673,-19.39956923
171,-26.32668182,-24.02147138
172,-24.86952952,-27.79182959
173,-24.00634148,-22.92156422
174,-21.68148821,-29.26154774
175,-24.27756307,-34.41624355
176,-27.2250814,-36.21429682
177,-25.40109766,-36.32756341
178,-22.71519831,-32.34905982
179,-17.2107231,-27.02499533
180,-13.42835483,-20.53209656
181,-11.878524,-21.20627767
182,-9.942478151,-10.19211739
183,-11.37227938,0
184,-1.663385031,0
185,-0.726033959,-23.29965413
186,-14.06414246,-27.16994184
187,-21.91338371,-31.03622043
188,-25.14517484,-33.37105
189,-24.82500078,-28.80023825
190,-22.02249666,-35.4418906
191,-26.02425029,-40.0285622
192,-30.20701452,-41.33195499
193,-27.84160436,-40.30464295
194,-25.81525834,-33.78448188
195,-19.83415498,-26.29541707
196,-15.02739976,-20.93071789
197,-15.64458271,-22.29709101
198,-10.09500796,-9.900729656
199,-10.72272703,0
200,-2.449900869,0
201,-6.020464799,-21.0236592
202,-19.87384971,-24.00098491
203,-27.68988319,-26.89489472
204,-29.01683249,-29.61162478
205,-27.18197967,-24.2936517
206,-23.23367361,-31.67483298
207,-28.43918373,-39.08039764
208,-32.41121982,-42.58441979
209,-31.48208596,-44.16041827
210,-29.75007319,-37.56760889
211,-25.31715364,-28.28588614
212,-19.83472579,-24.20385087
213,-20.26979815,-30.09209375
214,-12.38965613,-13.82062888
215,-14.42416585,0
216,-3.723289627,-11.66782907
217,-13.37263593,-27.91761644
218,-25.47706825,-35.59074324
219,-35.59650818,-41.78344291
220,-39.41232206,-49.34479642
221,-39.71839249,-43.62402302
222,-38.24553115,-54.80378163
223,-46.01327808,-59.59339744
224,-48.39961776,-58.85269439
225,-49.62321567,-55.8639316
226,-44.52301908,-46.64670759
227,-34.36560278,-37.73164055
228,-31.51777317,-32.86005571
229,-27.75071555,-46.51021183
230,-23.29668216,-18.67009604
231,-13.56145348,0
232,-8.346453734,-3.466451943
233,-25.97893669,-15.90785068
234,-18.08315105,-16.29606566
235,-32.88134912,-16.74568403
236,-26.44791844,-17.36897451
237,-21.21355888,-15.12203357
238,-27.08314121,-16.85448235
239,-31.84431527,-18.23097035
240,-31.09312989,-18.41516879
241,-30.28209322,-18.15268573
242,-22.42522935,-16.72168377
243,-15.98202363,-14.09477106
244,-17.09572373,-12.33025607
245,-18.67534344,-13.40664318
246,-8.741765956,-7.71985665
247,-15.08282136,0
248,-13.2144278,0
249,-18.64825993,-10.27003327
250,-18.69117139,-16.48852363
251,-22.20554075,-21.38541055
252,-24.97201875,-24.16113406
253,-26.69314461,-24.11905098
254,-27.40599687,-28.01138759
255,-29.49844924,-29.92251849
256,-30.58169452,-30.78342319
257,-29.76051416,-32.08342437
258,-27.60115868,-31.40132445
259,-20.79630634,-31.9712561
260,-19.37899742,-26.94598347
261,-18.16839127,-34.15008309
262,-17.85067286,-14.36364311
263,-17.57816101,0
264,-7.064366145,-14.43305951
265,-16.46499604,-37.26337841
266,-28.41061375,-43.16810837
267,-34.66167816,-44.16029543
268,-40.32822633,-44.85485336
269,-38.13326093,-35.03687453
270,-36.78058973,-42.10263094
271,-42.77255623,-47.48621543
272,-41.14616617,-50.43057413
273,-39.61877511,-50.40237325
274,-38.7955137,-42.64343823
275,-34.16754532,-33.53281001
276,-29.90427974,-26.80561975
277,-26.71161253,-28.45214707
278,-10.91921477,-12.49950993
279,-7.360691259,0
280,-4.409861069,-5.613181293
281,-40.19603144,-24.78631991
282,-45.17998002,-29.05200505
283,-34.84840871,-32.24573457
284,-35.7992391,-35.1638875
285,-33.08287898,-31.51615894
286,-32.84636948,-38.44021678
287,-38.74184019,-41.99143946
288,-41.51098789,-42.51047647
289,-41.22748211,-42.20149982
290,-38.92402808,-36.96213508
291,-30.78053089,-29.57894182
292,-25.17564156,-23.87025464
293,-23.82980218,-27.90376735
294,-13.89557659,-13.5646559
295,-10.24288809,-18.09837323
296,-34.47770056,-39.27702793
297,-59.17244218,-63.75709498
298,-46.69609173,-60.43279082
299,-53.06247066,-58.92831075
300,-51.09659133,-59.07999152
301,-47.34073873,-54.0906204
302,-47.66187008,-68.94140756
303,-54.43083899,-72.17368609
304,-56.67309202,-76.89566272
305,-58.62059856,-75.47917962
306,-58.3673722,-66.64011791
307,-51.80866467,-55.70029241
308,-45.48844068,-49.61566749
309,-36.4608081,-74.16309679
310,-38.95466723,-31.17602777
311,-25.16494491,0
312,-54.14591809,-22.06076854
313,-67.08687114,-48.13711965
314,-61.47312245,-53.08159724
315,-52.22341102,-54.023215
316,-53.87067709,-55.85505146
317,-48.00559579,-54.62610199
318,-54.6645688,-62.58950827
319,-62.87058401,-73.18126327
320,-64.3063995,-80.48614961
321,-70.85519821,-79.95666039
322,-71.28093256,-72.14439559
323,-52.81508018,-62.77464044
324,-58.87645598,-58.94316775
325,-61.10936207,-99.75541139
326,-58.76082633,-44.68102407
327,-29.89640144,0
328,-31.03184564,-9.124324679
329,-63.01427526,-37.69437134
330,-73.5653538,-39.85029924
331,-41.91507624,-42.26701152
332,-45.74032625,-47.9807896
333,-37.28230953,-41.78753218
334,-46.73482917,-48.73131484
335,-54.84103972,-54.71495867
336,-57.09273183,-60.70535272
337,-61.55932887,-64.65730965
338,-52.9930346,-59.68075815
339,-42.35683772,-52.60317254
340,-53.77609885,-46.01207766
341,-62.03580244,-61.04579067
342,-43.82510289,-25.21049786
343,-16.33370494,0
344,-35.93418098,-12.17487577
345,-54.28696045,-27.84832072
346,-36.15200257,-31.13919115
347,-33.85550523,-32.77769613
348,-38.35704624,-35.43954203
349,-32.5148685,-34.8156575
350,-38.28959016,-39.70787912
351,-43.24548604,-49.75352807
352,-46.66450123,-51.19503531
353,-50.58379137,-53.53599587
354,-44.8019287,-51.33379877
355,-39.02358005,-46.37567359
356,-43.17446838,-39.59421739
357,-43.38576733,-51.19064718
358,-28.76177182,-15.27844882
359,-11.25182168,0
360,-36.67866536,0
361,-49.54409377,-17.46655484
362,-17.89362594,-18.8297582
363,-22.41740456,-21.83812141
364,-23.69556786,-24.79810315
365,-20.95135126,-24.96799815
366,-28.81291238,-29.03238261
367,-33.76222617,-32.14617562
368,-34.96622644,-37.43070206
369,-38.72553062,-35.22756362
370,-31.85917404,-34.01749631
371,-28.46116567,-32.98072757
372,-30.07519423,-26.24023412
373,-28.42892113,-25.91272169
374,-12.79982118,-8.311105371
375,-10.08124324,0
376,-3.396581035,-0.094801068
377,-27.37472745,-19.80687189
378,-17.28025429,-24.615982
379,-22.04651209,-27.91292679
380,-26.25949926,-30.76211059
381,-27.02033482,-26.58207703
382,-28.44715121,-32.26147938
383,-33.51782648,-35.24163866
384,-33.62532215,-36.38048401
385,-31.27698857,-35.84969151
386,-30.48092959,-31.61210835
387,-27.71553374,-27.28756201
388,-21.69729832,-19.96115419
389,-17.44915313,-17.6822598
390,-5.37694157,-2.905094981
391,-2.386107459,0
392,-0.672901523,0
393,-4.802717641,-14.73445877
394,-15.17219991,-21.40155178
395,-21.6953124,-25.28036004
396,-24.56960714,-28.08344412
397,-26.02557622,-23.73854697
398,-26.36886789,-29.48654091
399,-28.55752469,-33.02797127
400,-31.6026388,-34.56328356
401,-30.19206061,-33.99028951
402,-27.81259438,-29.65419558
403,-24.47597133,-24.58706331
404,-16.7726124,-17.23104732
405,-13.07772594,-13.88219935
406,-6.128388573,-1.786473423
407,-3.237730748,0
408,-1.624052996,0
409,-3.222372525,-14.94910952
410,-14.67608114,-24.27101597
411,-22.36300565,-33.02336115
412,-28.30758938,-36.28474402
413,-30.97408731,-27.6515314
414,-29.25702844,-29.25985664
415,-30.0805039,-25.37526459
416,-27.79249134,-22.43486264
417,-22.98091995,-19.7795145
418,-19.05287747,-14.75078134
419,-13.50711998,-9.259682618
420,-5.791863324,-8.204125591
421,-6.474837506,-7.417360276
422,-2.513188878,-2.893249705
423,-5.014819282,0
424,-3.843123011,0
425,-3.086158225,-6.997193575
426,-11.44414136,-15.96050602
427,-20.67377353,-21.39749281
428,-25.21354658,-25.33217726
429,-27.26465721,-21.34704012
430,-26.78874256,-27.40152812
431,-28.06451562,-30.16151762
432,-29.23015303,-30.45070648
433,-26.92697252,-29.41663671
434,-23.83566483,-24.58944573
435,-16.65685194,-19.14185059
436,-10.05496837,-13.11263782
437,-8.180938108,-8.405222714
438,-3.46926949,-0.442011952
439,-7.080521117,0
440,-3.419425129,0
441,-4.579437734,-5.524213552
442,-11.75841116,-14.38379082
443,-19.79411539,-20.51238334
444,-23.18524437,-25.01283109
445,-24.80823338,-21.78411239
446,-25.0181291,-27.90091544
447,-27.11907814,-30.75278521
448,-29.45727993,-31.40211093
449,-29.33935517,-30.36588478
450,-25.79860392,-26.4164702
451,-19.36497107,-20.87881207
452,-12.42395795,-14.82136542
453,-8.841906566,-11.36344621
454,-4.573319418,-1.052368194
455,-7.576889616,-1.090304703
456,-3.593181752,-2.03942436
457,-3.997644693,0
458,-10.51429994,-6.238008022
459,-14.3503893,-14.09356093
460,-18.17386148,-19.68775374
461,-20.55621147,-20.17161524
462,-24.57511898,-22.6345036
463,-26.29880157,-22.16589165
464,-24.57366224,-20.55672061
465,-23.58751328,-16.73569971
466,-15.67897966,-13.69308889
467,-10.14580366,-9.395381451
468,-7.18746382,-4.014910877
469,-2.429595669,0
470,2.078896083,0
471,-9.613474448,0
472,-7.815486125,0
473,-6.011290297,0
474,-8.291240237,-0.009281605
475,-10.49894766,-3.524462357
476,-10.56818156,-7.718603283
477,-14.07433965,-9.520022184
478,-15.80656648,-13.81060541
479,-18.171168,-16.90280873
480,-19.15773911,-18.78800838
481,-17.67518003,-18.34965883
482,-14.09686267,-16.83322424
483,-10.28978329,-14.98066151
484,-7.109364609,-10.71484792
485,-4.122775861,-9.25356707
486,-2.560107864,-1.996534944
487,-10.41193557,-2.856437027
488,-12.479879,0
489,-9.678332171,-4.473187029
490,-11.86531224,-16.75340933
491,-18.9575114,-21.44354516
492,-25.17631939,-26.25042456
493,-23.36806252,-21.6602965
494,-22.46503111,-28.98740354
495,-22.55439182,-37.96294385
496,-25.52949312,-38.4972536
497,-25.87939067,-36.20701158
498,-22.15290777,-30.08150202
499,-17.65367376,-21.48850517
500,-11.52436325,-16.2064036
501,-8.531323217,-15.93560013
502,-7.036997232,-3.337425619
503,-6.680309484,0
504,1.466291461,0
505,3.273935903,-11.26533747
506,-7.824702248,-19.30414015
507,-18.21598214,-23.44104344
508,-20.21830678,-26.87189776
509,-19.11221741,-25.95327276
510,-20.85305982,-31.26188636
511,-27.70884462,-36.78514612
512,-31.50225441,-42.06888235
513,-32.88492855,-39.81459296
514,-26.54205965,-34.31044567
515,-21.64716856,-23.71931112
516,-15.51423105,-17.67786247
517,-12.234415,-16.58425325
518,-7.54875963,-5.149370611
519,-5.26593188,0
520,2.903174243,0
521,0.684181524,-16.89053479
522,-11.76422623,-23.09561849
523,-21.12946027,-26.67999786
524,-24.97676952,-30.0199703
525,-26.28746871,-27.32066602
526,-25.58835739,-35.04166448
527,-30.36290375,-39.12737584
528,-36.87996927,-41.29910743
529,-36.9235645,-39.75945115
530,-30.33293054,-33.87541091
531,-22.71286752,-24.77360713
532,-16.12802485,-18.73242557
533,-13.55908108,-17.38131362
534,-6.955395894,-5.46897608
535,-4.427466837,0
536,1.73341633,0
537,-2.100681154,-19.79344648
538,-19.70855409,-24.95613569
539,-28.12738147,-29.02771902
540,-28.61339224,-33.0508827
541,-29.73960248,-29.30472696
542,-30.56187688,-36.86478126
543,-35.11819139,-43.42696285
544,-39.86140888,-45.68814766
545,-35.07463183,-43.76881754
546,-32.21922716,-36.04861927
547,-26.22913362,-25.43078065
548,-17.22703862,-18.92303565
549,-12.00958321,-16.90162489
550,-4.145138338,-3.6878452
551,-0.706715776,0
552,2.144229477,0
553,-5.688957877,-18.78543353
554,-18.02325219,-24.1866504
555,-26.04259929,-27.39026338
556,-27.32015611,-31.44601172
557,-28.68738284,-26.69688988
558,-30.01383268,-31.64405441
559,-33.44286075,-39.01379335
560,-37.89818439,-42.64656568
561,-37.32803339,-41.38546169
562,-33.11703215,-34.20828235
563,-25.4605803,-25.61435497
564,-16.63138571,-20.07133889
565,-14.98528505,-20.28106773
566,-9.664157179,-7.971081972
567,-5.142406101,0
568,0.310934484,0
569,-6.091851105,-9.853427336
570,-12.80779461,-18.88183042
571,-20.75016032,-24.43203157
572,-24.77871206,-24.54363656
573,-22.66364748,-22.59519678
574,-23.09679337,-25.7626673
575,-28.33552315,-29.58323669
576,-30.78125628,-32.10284638
577,-30.99167524,-32.37575889
578,-27.15135836,-27.74268723
579,-20.03872318,-21.6276176
580,-14.84060975,-16.83942521
581,-13.30368149,-16.69982415
582,-9.155801774,-6.79792279
583,-8.874888395,0
584,-2.092713666,0
585,-7.331615878,0
586,-6.97083736,-0.624958634
587,-8.861230695,-2.615896448
588,-9.975454034,-4.331992388
589,-9.409358131,-4.335727036
590,-10.94573937,-7.810643464
591,-14.17218515,-10.93101412
592,-16.18533725,-13.86560595
593,-19.26753584,-13.0184824
594,-15.34762733,-10.10642307
595,-8.575834119,-6.268583387
596,-6.52161379,-3.323057923
597,-4.637404176,-0.127693355
598,0.397328206,0
599,-8.86119502,-1.452091604
600,-14.31674748,-2.180976152
601,-17.47884688,-0.354273871
602,-9.755771388,-7.276423335
603,-12.01406641,-14.14941496
604,-15.79727306,-17.5808145
605,-17.51844648,-12.06577767
606,-15.29824675,-18.1124856
607,-18.4204671,-23.19852632
608,-22.97728107,-24.81072932
609,-24.41202928,-23.60765949
610,-21.97735549,-17.01154184
611,-10.61958374,-8.134316832
612,-3.685372712,-3.962779015
613,-0.139442588,-0.083346188
614,2.287216141,0
615,-10.27790341,-1.199436456
616,-9.606713975,-1.853732437
617,-8.493644139,-0.032689244
618,-12.37015957,-8.259075463
619,-18.42873783,-15.35498512
620,-23.39936167,-22.57765216
621,-24.51343636,-17.98498169
622,-20.46898532,-25.40026104
623,-25.14538295,-34.17691386
624,-32.40796742,-37.51760054
625,-35.03306414,-35.65644765
626,-29.63493111,-29.09989059
627,-18.9663351,-20.14541602
628,-9.816639422,-15.35588872
629,-6.102916398,-15.24642223
630,-5.983041393,-5.949809134
631,-14.0945081,0
632,-7.170054266,0
633,-2.969731834,-13.27490664
634,-14.95337348,-20.71549526
635,-28.33092104,-25.08118993
636,-27.20392594,-29.44876027
637,-26.36706034,-29.9414078
638,-29.24908473,-35.34899664
639,-35.09549594,-43.63177884
640,-41.41326726,-43.48837662
641,-41.28225561,-40.1661464
642,-34.69460648,-31.74724054
643,-24.71108355,-20.52486685
644,-15.19243971,-13.83109489
645,-8.161037228,-9.4584952
646,2.813355691,-0.616091073
647,-3.858707178,0
648,-3.469537055,0
649,-13.22207421,-13.07677495
650,-35.17554541,-24.68508303
651,-28.18646574,-31.8302722
652,-31.36986331,-32.18169343
653,-31.72293001,-25.60939538
654,-31.61216411,-31.62015975
655,-35.35702573,-36.75811684
656,-39.55712222,-38.53479719
657,-39.48860183,-37.75426435
658,-37.45763587,-31.57417822
659,-26.0492349,-22.58638543
660,-17.08712003,-18.09359592
661,-9.887674921,-19.30514657
662,-2.846800643,-8.102184266
663,-11.34296022,0
664,-1.68580102,0
665,-4.072414208,-11.58550364
666,-18.38341828,-17.04719289
667,-29.0898004,-19.67609876
668,-26.72094757,-23.82125539
669,-26.07326222,-19.33735439
670,-26.26966673,-24.38769984
671,-29.86788497,-31.24221259
672,-34.26791782,-34.25092304
673,-35.68690943,-33.39034796
674,-29.24601071,-27.09351397
675,-19.50641181,-17.69862056
676,-12.94422296,-12.72000456
677,-11.14911245,-10.15499346
678,-5.388571723,-4.106746614
679,-9.734282957,-1.682822466
680,-6.52567483,0
681,-7.717271982,-0.593138486
682,-13.18983562,-8.74421373
683,-20.0668829,-17.57860744
684,-21.85225405,-21.07783467
685,-21.2351365,-24.0918709
686,-25.04793582,-26.04330933
687,-28.66874844,-26.95873058
688,-30.47026861,-27.93079275
689,-30.96740413,-25.66776866
690,-25.55195073,-23.1958487
691,-16.01029631,-18.75480631
692,-11.20257191,-15.4648481
693,-8.64547828,-17.13205409
694,-8.713630024,-5.322101325
695,-14.72072285,0
696,-7.145022087,0
697,-9.294656047,-5.078469455
698,-10.06436881,-14.12707542
699,-18.45492351,-19.44503802
700,-23.83426754,-25.19055569
701,-26.28892545,-27.23505419
702,-30.72381308,-30.18710828
703,-31.41298287,-26.80188847
704,-30.75603384,-21.37796795
705,-27.83247742,-17.09139493
706,-20.82663036,-13.13901323
707,-10.05115111,-10.02368066
708,-7.340302817,-7.581596017
709,-6.794506168,-2.924472809
710,-1.644905217,0
711,-7.426274381,-4.792320371
712,-10.77866592,0
713,-12.26204553,-5.225622982
714,-12.1099795,-14.92839468
715,-19.37428828,-18.53000338
716,-22.64978167,-20.70401901
717,-26.34995997,-15.28876784
718,-25.3665699,-26.10767356
719,-27.59948194,-32.15019667
720,-31.79715251,-37.99289763
721,-34.57750226,-36.0966965
722,-27.35461252,-30.72507787
723,-20.32761,-21.47269899
724,-12.51271219,-17.18358898
725,-9.265336883,-19.02934813
726,-9.342948532,-8.050047636
727,-15.22394101,0
728,-6.527571568,0
729,-9.59060657,-20.24382493
730,-22.61219178,-22.8256411
731,-28.42689358,-26.48020917
732,-28.67510459,-27.84266621
733,-27.47162161,-23.53774607
734,-28.22270591,-30.91786695
735,-33.80491168,-36.02989841
736,-38.18779065,-42.68806224
737,-39.07194388,-42.50599779
738,-36.81105051,-35.21959001
739,-25.86529297,-25.38251684
740,-18.35630505,-21.67497978
741,-18.2720459,-28.14010714
742,-12.14224187,-14.37093544
743,-14.67685411,0
744,-4.563609786,0
745,-28.63245475,-16.74768388
746,-31.84775794,-23.62745416
747,-28.73107321,-28.38989413
748,-30.69507067,-33.30841862
749,-30.21673009,-30.99715221
750,-31.8991304,-38.29686606
751,-37.61163431,-42.01330209
752,-42.66888376,-42.32038534
753,-42.91124996,-40.16428983
754,-37.89314228,-33.52793136
755,-25.54397135,-24.70448677
756,-19.62657221,-18.79392171
757,-19.88838741,-17.27380544
758,-5.639672429,-2.276252449
759,-3.062654138,0
760,-1.143815685,0
761,-8.729035815,-9.151316047
762,-16.47150084,-20.07927448
763,-25.22609835,-26.12501067
764,-28.50421388,-31.40302396
765,-30.5964641,-27.99343807
766,-32.87707403,-35.52896661
767,-36.00671485,-39.62990797
768,-40.15290593,-40.68404782
769,-39.93824162,-40.01576066
770,-36.98067474,-33.11589456
771,-25.97851453,-24.11842084
772,-17.91967486,-19.07820016
773,-12.9916414,-18.92370564
774,-5.778056977,-6.297946721
775,-9.389802113,0
776,-3.697532049,0
777,-7.291831955,-19.45151987
778,-21.75869554,-21.05548912
779,-27.26022753,-22.62855226
780,-27.78196118,-24.10122609
781,-28.44289396,-17.8769933
782,-28.05603679,-23.72353649
783,-31.24756833,-29.14138496
784,-34.97558526,-34.15596604
785,-35.00034393,-38.32246464
786,-35.96277475,-31.69131947
787,-25.33078756,-21.10490867
788,-16.78100799,-16.34546351
789,-15.68393853,-17.55803204
790,-7.193362139,-9.466045707
791,-9.409524616,0
792,-4.708225623,0
793,-40.51794765,-12.17071444
794,-21.17535657,-22.04507661
795,-25.83724028,-24.42102236
796,-26.18056763,-27.34940159
797,-25.18464363,-27.56024933
798,-25.66953657,-31.56953061
799,-30.180371,-35.39344847
800,-34.16161727,-40.52628958
801,-37.72684774,-37.80201924
802,-32.49521735,-35.22728574
803,-25.53663413,-30.16602647
804,-20.82023853,-24.2691319
805,-17.26004423,-27.71392155
806,-10.69604784,-10.42256773
807,-11.383309,0
808,-24.11576957,0
809,-63.28318092,-15.95372647
810,-53.17340305,-19.09753442
811,-23.29765729,-22.75103617
812,-26.1958545,-25.63009775
813,-26.03611233,-24.42810524
814,-28.21681354,-23.49833632
815,-29.40141239,-21.80286574
816,-27.596069,-20.59212399
817,-21.12737921,-18.23214436
818,-17.49581049,-14.16327035
819,-11.20210813,-9.447961152
820,-9.131405804,-5.52199477
821,-9.74933794,-0.197573274
822,-1.130312578,0
823,-3.379010942,0
824,-3.384742776,0
825,-9.073320445,0
826,-7.334458011,-0.104478419
827,-8.715871623,-2.977636412
828,-10.64914669,-4.87369138
829,-12.07417337,-0.260644078
830,-8.383234984,-5.405858457
831,-10.15401493,-7.569252789
832,-12.07736631,-8.777987957
833,-10.32981099,-9.655316234
834,-9.332953498,-7.048740983
835,-5.295512663,-0.215683892
836,-0.139870692,0
837,1.304646608,-0.070759766
838,2.081107953,0
839,-4.405681111,-3.683585823
840,-13.30809334,-2.174815416
841,-15.3123385,-2.516487837
842,-13.89862089,-0.524819195
843,-9.205021817,-0.328594923
844,-7.447816325,-0.097742796
845,-5.991811575,0
846,-6.625149501,0
847,-5.586623235,-0.024842143
848,-6.988972312,-0.276557505
849,-5.371857837,-0.040022135
850,-0.67234261,0
851,0.403285984,0
852,0.838536722,0
853,0.921660206,0
854,0.477062536,1.19209E-07
855,-4.45034066,0
856,-8.116710649,2.68221E-07
857,-16.51039883,2.98023E-08
858,-17.11400732,0
859,-6.678585177,-1.055571973
860,-7.06151212,-7.799320519
861,-10.49249043,-7.830912128
862,-10.64990776,-15.88012089
863,-14.40749953,-17.7308404
864,-17.03844106,-20.14456132
865,-16.13240697,-18.93393195
866,-12.15850982,-11.55965552
867,-6.443104313,-3.018300265
868,-0.629157641,0
869,1.634940568,0
870,2.905409896,0
871,-8.330001467,5.96046E-08
872,-11.35127257,0
873,-12.45083335,-1.49012E-08
874,-7.059020793,-0.61745432
875,-6.927254017,-7.504966438
876,-11.60397272,-14.13380411
877,-15.10487465,-13.20900205
878,-15.35548185,-20.8526444
879,-20.63537499,-24.60421163
880,-25.96552277,-25.19523507
881,-24.22311064,-22.89173621
882,-17.86609648,-14.82578811
883,-8.344420241,-5.438122153
884,-1.290595824,-1.107690662
885,1.229871147,0
886,3.243171889,0
887,-4.042619374,-5.96046E-08
888,-4.251319968,-8.9407E-08
889,-4.645668957,0
890,-1.626972425,-0.305908382
891,-3.90389591,-5.633910179
892,-6.962114745,-9.969149441
893,-8.958071339,-9.567315191
894,-10.35280374,-16.80029511
895,-16.00487961,-22.8755835
896,-21.44366467,-26.73512614
897,-22.3408156,-24.51439404
898,-18.28024527,-16.82510513
899,-9.658924799,-8.3229855
900,-2.678811529,-3.429270312
901,0.794002036,-0.221966162
902,3.82959083,0
903,-5.128766239,-1.19209E-07
904,-4.356579986,0
905,-3.913665001,0
906,-8.984578098,0
907,-2.977134462,-4.105098128
908,-5.389160365,-12.37505349
909,-9.654281062,-13.02237651
910,-11.76419056,-16.80381572
911,-15.68088234,-19.83334374
912,-18.36366605,-20.90666789
913,-19.26308237,-20.61951706
914,-14.56942979,-15.62394138
915,-9.587490926,-8.842280008
916,-3.253100863,-2.738543883
917,0.955742024,0
918,3.276659119,0
919,-7.451574125,0
920,-8.355051485,-2.98023E-08
921,-5.776094835,0
922,-4.903333922,-0.992282316
923,-11.78456116,-4.985078469
924,-15.31173796,-9.854838029
925,-18.88969263,-13.502437
926,-17.00585166,-18.4663856
927,-21.06792035,-21.48201972
928,-24.15838373,-24.75752151
929,-24.83549527,-21.80753589
930,-19.9928923,-17.25009733
931,-11.28101003,-12.50155387
932,-6.438169228,-8.516427606
933,-3.126239442,-6.174319604
934,-1.530042594,0
935,-12.52128615,-3.442034304
936,-13.13019838,-3.115916073
937,-15.26588924,-0.394096494
938,-12.36297694,-6.633368969
939,-10.90186468,-15.41682559
940,-17.18705848,-18.66437343
941,-19.54887732,-12.87595621
942,-17.95194318,-17.34410936
943,-20.61190658,-17.3020784
944,-21.35259153,-13.92453398
945,-16.40018589,-9.850578725
946,-7.488361321,-3.041175693
947,-2.857057296,0
948,0.232841219,0
949,1.084363428,0
950,1.620289905,0
951,-9.895618624,0
952,-11.35991194,0
953,-11.79574537,0
954,-8.694401029,0
955,-10.96954075,0
956,-9.945034882,0
957,-8.246247719,0
958,-8.017081385,0
959,-8.393128938,0
960,-8.450387819,0
961,-3.339637286,0
962,0.599309949,0
963,1.438440932,0
964,1.393894355,0
965,1.203293037,8.9407E-08
966,1.103449721,0
967,-0.170242277,0
968,-0.560904817,3.27826E-07
969,-4.814193201,0
970,-11.36007842,0
971,-16.25975001,0
972,-10.12382172,0
973,-11.40322772,0
974,-6.992700382,-0.517579913
975,-5.588448622,-3.966225505
976,-2.68421634,-5.82158567
977,-1.692555547,-5.093913428
978,-1.631699405,-0.323129714
979,0.643131128,0
980,1.626806596,0
981,1.75220533,0
982,1.63555894,0
983,1.227302524,-2.38419E-07
984,1.818811143,1.78814E-07
985,1.926740864,0
986,0.432135422,0
987,-0.63056087,0
988,-1.595007343,-3.467320383
989,-1.673665467,-5.602376074
990,-1.744766371,-10.39224833
991,-6.280668657,-16.03715563
992,-8.370938892,-15.75685848
993,-8.330905242,-15.21331829
994,-7.079296264,-7.85157226
995,-3.012096271,-0.403456815
996,2.424173676,0
997,3.79240526,0
998,4.256648137,0
999,-2.081267836,-1.19209E-07
1000,-1.955149651,1.78814E-07
1001,0.81745261,-2.98023E-08
1002,0.330734284,0
1003,-1.01850614,-1.500260264
1004,-0.835182586,-7.056255817
1005,-5.565854256,-7.576652765
1006,-6.465585707,-15.14280893
1007,-12.63566716,-19.88729197
1008,-13.97545363,-21.8021293
1009,-15.00664861,-19.7330057
1010,-11.80297557,-11.93672365
1011,-5.752341021,-2.909225225
1012,0.694194396,-0.387670904
1013,3.023019519,0
1014,4.34935639,0
1015,-2.645752404,-5.96046E-08
1016,-5.518061225,2.08616E-07
1017,-7.763269355,-2.98023E-08
1018,-11.96150478,-0.062797584
1019,-11.24981197,0
1020,-11.2784533,-4.115647793
1021,-6.266535286,-4.185945034
1022,-6.629460268,-8.509846807
1023,-9.709655098,-11.72489664
1024,-10.49270448,-13.38814133
1025,-10.74670678,-10.03544231
1026,-7.364401492,-5.581978112
1027,-2.874205231,-1.924881518
1028,0.944896728,0
1029,2.421676404,0
1030,2.875763709,0
1031,-0.087041496,0
1032,-4.800690094,0
1033,-12.22498482,1.49012E-08
1034,-15.61908081,0
1035,-8.947178476,0
1036,-2.026274338,-3.866117239
1037,-2.923918783,-6.538264394
1038,-5.835434776,-9.338567853
1039,-9.404274399,-10.36611825
1040,-10.72954101,-10.69928601
1041,-9.963948745,-8.308030464
1042,-4.763908844,-4.51005739
1043,-1.157033389,-1.536738768
1044,1.963652923,0
1045,3.292938954,0
1046,3.348259476,0
1047,1.052992934,2.38419E-07
1048,-6.833225777,5.96046E-08
1049,-14.56951303,0
1050,-6.421467234,0
1051,1.001239943,-2.66313833
1052,-1.001114424,-7.047675133
1053,-5.391479261,-5.276806531
1054,-6.42812068,-12.66754785
1055,-11.47443565,-18.468343
1056,-15.28490418,-23.22449017
1057,-17.05869275,-20.28226939
1058,-13.83942365,-11.79785903
1059,-6.309405123,-2.510544062
1060,0.492117519,-0.061206698
1061,2.728234388,0
1062,3.922168273,0
1063,-0.105105097,5.96046E-08
1064,-7.004401886,-8.9407E-08
1065,-9.639368781,0
1066,-2.200185554,-0.540554047
1067,-2.721479206,-9.454290867
1068,-8.43002316,-15.41616029
1069,-11.25055521,-12.12263066
1070,-11.19240444,-21.10782939
1071,-18.73234071,-23.15876794
1072,-23.05219923,-22.17846286
1073,-21.32116158,-19.86859721
1074,-15.62091214,-12.60730603
1075,-6.195458166,-3.862646371
1076,0.31896143,-1.236144185
1077,1.500504088,0
1078,3.659681195,0
1079,-7.116148865,0
1080,-8.909410209,0
1081,-9.73101272,0
1082,-6.206987239,0
1083,-9.335932386,0
1084,-8.33008471,0
1085,-7.399833026,0
1086,-9.291403647,0
1087,-9.412895933,0
1088,-10.62244966,0
1089,-10.25676579,0
1090,-2.44410363,0
1091,0.413405881,-1.19209E-07
1092,1.053849141,0
1093,1.084601263,0
1094,0.888791349,0
1095,-3.534263969,-0.258053511
1096,-9.926222099,-0.722960234
1097,-21.15832755,7.45058E-08
1098,-19.24035125,0
1099,-8.643153439,0
1100,-9.438808104,0
1101,-8.855915073,0
1102,-7.273304575,0
1103,-11.00150583,-2.367381752
1104,-11.20671619,-4.361721456
1105,-2.171710706,-4.088430762
1106,0.166497024,-1.440704495
1107,1.539996662,0
1108,2.472133192,0
1109,2.786004616,-1.19209E-07
1110,2.525158602,0
1111,-0.477941871,-1.19209E-07
1112,-6.496962147,0
1113,-16.32265748,-1.19209E-07
1114,-13.74632297,0
1115,-4.410491333,0
1116,-4.31882361,-2.524922192
1117,-5.581200587,-5.952046156
1118,-6.231246453,-8.771111488
1119,-8.679780096,-14.78565855
1120,-12.84753097,-17.63022965
1121,-14.82767745,-15.6961183
1122,-10.01099854,-6.716985937
1123,-3.340689708,-0.535733446
1124,1.735330905,0
1125,3.497976883,0
1126,3.373898136,0
1127,-2.864471816,0
1128,-9.878197179,-1.19209E-07
1129,-13.45891668,-2.23517E-08
1130,-8.373103194,0
1131,-4.792359908,-0.241002202
1132,-4.79495826,-5.545863867
1133,-8.130469429,-8.031392097
1134,-9.862143287,-10.79290766
1135,-13.32112672,-13.0634931
1136,-17.40823354,-14.00155991
1137,-17.15546204,-11.66472036
1138,-9.603342658,-6.434379168
1139,-3.121851378,-2.507233739
1140,0.456537337,-0.337133467
1141,2.228090252,0
1142,2.444437255,0
1143,-2.618329978,0
1144,-11.43558523,8.9407E-08
1145,-15.19063216,1.49012E-08
1146,-7.659466079,0
1147,-5.151919519,-3.36864084
1148,-7.55708387,-9.908388972
1149,-11.85218967,-15.29244879
1150,-15.3116131,-19.42427871
1151,-18.83489535,-19.16611668
1152,-19.53692609,-20.49546272
1153,-19.86741627,-18.85477841
1154,-14.32426307,-13.193216
1155,-7.904834952,-6.338668212
1156,-2.869400955,-2.83856529
1157,0.188675179,0
1158,2.237235024,0
1159,-6.583789919,1.19209E-07
1160,-9.58758606,1.49012E-08
1161,-12.93921653,0
1162,-6.491884361,-1.23106122
1163,-4.917491076,-7.25759533
1164,-10.08717723,-13.17210124
1165,-15.92821336,-11.65109108
1166,-15.60365123,-19.48379266
1167,-19.45948093,-24.64538723
1168,-24.2787463,-27.04003215
1169,-24.29427695,-24.94506997
1170,-18.81705769,-16.53689501
1171,-10.74073117,-6.010040358
1172,-2.842359066,-2.015115142
1173,0.621381078,-0.042553991
1174,3.01389853,0
1175,-5.758203664,0
1176,-5.893966077,0
1177,-6.643890933,0
1178,-6.352923062,-1.165926814
1179,-6.67696195,-3.750713229
1180,-8.176264642,-7.45375675
1181,-9.10150989,-9.383338183
1182,-11.81415978,-18.70350391
1183,-17.8110792,-19.64249191
1184,-21.84218767,-19.99769959
1185,-20.31765064,-19.05113535
1186,-14.25448216,-11.7691993
1187,-7.445461754,-2.175505415
1188,-0.528487847,0
1189,2.247925727,0
1190,3.563298385,0
1191,-4.21378359,0
1192,-8.549422494,1.3411E-07
1193,-11.08451634,0
1194,-11.20382649,0
1195,-5.512359121,-4.506004691
1196,-7.592444053,-8.817378938
1197,-11.08543796,-6.278002501
1198,-11.08548552,-17.14595395
1199,-16.39289029,-22.29053131
1200,-22.16293254,-22.89386258
1201,-22.5274748,-21.23133612
1202,-16.03821225,-13.27691615
1203,-7.794419851,-4.52474162
1204,-1.483426849,-1.410126895
1205,0.263296046,-0.025901377
1206,2.787562438,0
1207,-8.032505013,5.96046E-08
1208,-11.49942026,0
1209,-12.01618315,0
1210,-18.31071794,0
1211,-11.17038088,-0.052992821
1212,-7.515379427,-4.582690179
1213,-8.448187841,-1.123575866
1214,-9.067796717,-4.244601727
1215,-11.45010508,-7.813532025
1216,-15.90724222,-11.99261892
1217,-20.69456629,-11.69911873
1218,-10.02130871,-4.401552342
1219,-3.724651234,0
1220,1.048616762,0
1221,1.588051312,0
1222,1.671840736,0
1223,-4.042125865,-1.19209E-07
1224,-9.684420758,0
1225,-15.82438035,5.96046E-08
1226,-20.00613378,0
1227,-9.586896338,0
1228,-9.856030916,-2.577644467
1229,-8.334062507,-0.004011542
1230,-5.505057573,-5.074488752
1231,-8.955241097,-6.136260197
1232,-13.40514209,-7.425303519
1233,-15.91683888,-7.143681556
1234,-4.376451136,-1.635984659
1235,0.061789974,0
1236,2.052080138,0
1237,1.693769163,0
1238,2.229541048,0
1239,-4.020797972,1.78814E-07
1240,-9.726969517,0
1241,-16.73728789,0
1242,-19.25025115,0
1243,-9.876758274,0
1244,-8.384798752,-4.923665345
1245,-9.721225791,-3.820690215
1246,-9.7561876,-7.801266402
1247,-14.38147439,-8.082549855
1248,-14.64743981,-7.818980619
1249,-5.043989798,-7.276759669
1250,-3.23751075,-4.204713615
1251,-1.053967403,-0.590951949
1252,1.683720616,0
1253,1.897950884,0
1254,2.335389708,0
1255,-0.150543557,0
1256,-5.650969612,-1.78814E-07
1257,-14.34045372,-1.3411E-07
1258,-17.24818219,0
1259,-4.993877872,0
1260,-2.413036376,-0.794161916
1261,-2.163142685,-3.785603404
1262,-4.73438752,-3.893128574
1263,-4.992444914,-7.054060102
1264,-8.395632156,-6.795749545
1265,-5.049269745,-6.434078485
1266,-2.929365214,-3.769602358
1267,-0.317046199,-0.71268864
1268,1.713021942,0
1269,2.62092304,0
1270,2.265347173,0
1271,1.19908335,-5.96046E-08
1272,-2.627415292,-1.63913E-07
1273,-12.81215294,0
1274,-9.809254632,0
1275,-2.932023025,-0.160580367
1276,-2.678258562,-0.873518914
1277,-3.077078857,0
1278,-1.730793539,-2.230071157
1279,-3.012036812,-9.051220775
1280,-7.440877476,-11.98426932
1281,-9.263023934,-8.552468225
1282,-5.214274024,-2.488782585
1283,-0.959939164,0
1284,1.710239267,0
1285,2.05914385,0
1286,1.883371572,0
1287,0.095586389,1.19209E-07
1288,-4.352435703,-1.19209E-07
1289,-13.29595779,5.96046E-08
1290,-13.11688554,0
1291,-4.995263263,0
1292,-3.687685662,-4.413453877
1293,-4.187883312,-4.97606802
1294,-4.935275221,-9.935107231
1295,-10.57163612,-11.74493361
1296,-13.68999759,-11.4729743
1297,-11.28895374,-9.49638176
1298,-5.759493921,-3.803120196
1299,-1.689404227,0
1300,1.556347849,0
1301,1.830465079,0
1302,2.081678758,0
1303,-2.593327528,5.96046E-08
1304,-8.708005216,-2.98023E-08
1305,-13.66484649,0
1306,-5.157056764,0
1307,-4.644455997,0
1308,-4.28090075,-3.784315675
1309,-6.667418804,-4.445898056
1310,-8.633723264,-9.589610338
1311,-11.85267723,-11.61056495
1312,-14.2130869,-11.49870539
1313,-12.08371652,-9.647929072
1314,-6.535003925,-4.066326976
1315,-2.166365355,0
1316,1.074421906,0
1317,1.417570872,0
1318,1.68247198,0
1319,-2.991945663,0
1320,-9.289447451,-2.38419E-07
1321,-13.91541802,0
1322,-12.74488714,0
1323,-7.796988474,0
1324,-7.022233598,0
1325,-6.915504946,0
1326,-7.931954137,2.98023E-08
1327,-9.091057022,0
1328,-9.834156002,0
1329,-7.539608912,0
1330,-0.984507564,0
1331,0.415486941,8.9407E-08
1332,0.17150346,0
1333,-0.062098504,1.49012E-08
1334,-0.184066461,0
1335,-0.606967595,-5.96046E-08
1336,-3.284257305,-2.98023E-08
1337,-14.58537071,-1.78814E-07
1338,-7.258273375,0
1339,-2.621308867,0
1340,-2.616266756,0
1341,-2.447879268,0
1342,-1.995730322,0
1343,-0.788656029,0
1344,0.216323548,0
1345,-0.486331516,-2.98023E-08
1346,0.938962734,0
1347,1.150790865,5.96046E-08
1348,0.669625996,8.9407E-08
1349,0.190661104,8.9407E-08
1350,-0.245903675,0
1351,-1.513304925,0
1352,-2.671842951,-8.9407E-08
1353,-13.37602509,1.19209E-07
1354,-16.5157858,-5.96046E-08
1355,-6.092118669,1.49012E-08
1356,-6.388170273,-2.98023E-08
1357,-5.552416554,0
1358,-3.888632821,0
1359,-3.597855218,0
1360,-2.912865381,0
1361,-2.322539993,0
1362,0.892668067,0
1363,0.8492631,-1.86265E-08
1364,0.545927786,5.21541E-08
1365,0.360166419,-2.98023E-08
1366,0.192266494,0
1367,-0.587548331,0
1368,-1.993696829,-8.9407E-08
1369,-13.22387581,-1.49012E-08
1370,-19.52781699,-1.49012E-08
1371,-10.00434509,2.6077E-08
1372,-7.298639994,0
1373,-6.407214946,-0.954483747
1374,-10.3265586,-5.634170771
1375,-7.454487609,-7.47117424
1376,-3.741888358,-7.296783686
1377,-3.509867999,-4.465990126
1378,-2.347792171,-1.542950854
1379,-0.432794759,0
1380,0.72516057,0
1381,0.849358234,0
1382,1.155452439,0
1383,0.094123701,1.78814E-07
1384,-2.814716643,-2.98023E-08
1385,-14.15045888,5.96046E-08
1386,-17.47215181,0
1387,-7.52802038,0
1388,-4.034711345,0
1389,-4.007907292,-0.630565524
1390,-6.462452226,-6.535003662
1391,-10.44734332,-5.228583097
1392,-11.6920848,-4.403412223
1393,-4.572064836,-5.282208323
1394,-2.997784523,-1.016098753
1395,-0.267463457,0
1396,0.561042228,0
1397,0.474327428,0
1398,1.233605163,0
1399,-2.174196087,-5.96046E-08
1400,-4.917675399,-4.47035E-08
1401,-12.62215811,0
1402,-21.53956586,0
1403,-9.530469881,0
1404,-7.661993081,0
1405,-9.202839677,0
1406,-9.097995871,0
1407,-7.557428731,0
1408,-10.73341178,0
1409,-3.45990472,0
1410,0.242473554,0
1411,0.56018602,0
1412,0.286092573,0
1413,-0.044504628,0
1414,-0.308406827,5.96046E-08
1415,-1.488813821,2.98023E-08
1416,-2.472959014,-0.030175582
1417,-11.54054795,-0.145177394
1418,-20.15124313,-0.549128623
1419,-14.17619268,-0.676811203
1420,-8.827820763,-0.089153297
1421,-7.939814598,0
1422,-10.01749145,0
1423,-13.30523337,0
1424,-10.12724655,0
1425,-1.013559163,0
1426,0.645842452,0
1427,0.814788853,-0.38266331
1428,0.341936333,-0.993427418
1429,-0.110848823,0
1430,0.031311363,0
1431,2.462286805,5.96046E-08
1432,3.103550597,-1.49012E-08
1433,2.939337121,2.98023E-08
1434,1.326253957,0
1435,2.21109691,0
1436,0.606837441,0
1437,1.645607487,-0.454279423
1438,1.853820519,-6.84652853
1439,-1.368766385,-10.19895673
1440,-3.792196498,-10.76001334
1441,-4.309345868,-9.548916578
1442,-3.866311966,-3.898164749
1443,-0.718310254,0
1444,1.915229629,0
1445,2.611837727,0
1446,3.399405987,0
1447,3.991651896,0
1448,3.296256758,-2.98023E-08
1449,1.311329783,1.49012E-08
1450,-3.733992221,0
1451,-3.175364351,0
1452,-0.104266727,0
1453,1.898331421,-0.423807442
1454,1.036499046,-2.383795768
1455,-1.366905323,-2.96790266
1456,-2.596169662,-3.112383604
1457,-2.460829407,-2.743823111
1458,-0.373086173,0
1459,2.041127816,0
1460,2.250613268,0
1461,2.018057779,0
1462,1.834103962,0
1463,-0.451256735,-2.98023E-08
1464,-0.227489266,1.3411E-07
1465,-0.635757574,5.96046E-08
1466,-1.74939227,0
1467,-7.78673182,0
1468,-8.858656127,0
1469,-14.69032748,0
1470,-15.0814657,0
1471,-7.643370566,0
1472,-0.405586386,0
1473,-0.296295057,0
1474,0.444419622,0
1475,0.287840663,0
1476,0.214670592,0
1477,0.003282457,2.98023E-08
1478,-0.208973777,0
1479,-1.508762268,0
1480,-2.298976448,1.49012E-07
1481,-9.360631596,-2.98023E-08
1482,-19.09600298,4.47035E-08
1483,-22.15470938,0
1484,-15.2604547,0
1485,-11.4322377,0
1486,-9.162479004,0
1487,-10.34071575,0
1488,-11.65566625,0
1489,-0.648856361,1.49012E-08
1490,0.409897809,0
1491,0.479476565,0
1492,0.149610708,-1.49012E-08
1493,-0.12401896,0
1494,-0.3544042,0
1495,-1.930807194,-1.78814E-07
1496,-2.387992305,0
1497,-5.612285679,0
1498,-10.20299119,0
1499,-11.47152216,0
1500,-7.627703157,0
1501,-0.920517941,0
1502,-3.290036706,0
1503,-0.6976483,0
1504,-0.815471975,0
1505,0.915095948,0
1506,1.082603445,5.96046E-08
1507,1.115829056,-1.19209E-07
1508,0.83301894,2.98023E-08
1509,0.58092527,5.96046E-08
1510,0.294309787,0
1511,3.341053063,2.38419E-07
1512,2.970362753,-8.9407E-08
1513,2.651948673,1.49012E-07
1514,2.706198935,1.19209E-07
1515,2.922962151,0
1516,2.575329987,0
1517,2.15961743,0
1518,2.203117531,-0.050044298
1519,2.10082451,-2.875807881
1520,0.881133048,-3.373606503
1521,0.286092573,-2.545386434
1522,0.47232961,0
1523,2.076826915,0
1524,2.202915371,8.9407E-08
1525,2.071879938,-1.19209E-07
1526,1.896131443,0
1527,5.626473218,0
1528,5.359812128,8.9407E-08
1529,4.533726419,-2.68221E-07
1530,3.179110915,-1.19209E-07
1531,2.849375867,0
1532,3.659871463,0
1533,3.880297345,0
1534,3.952206889,-4.792041659
1535,0.025948174,-8.01219964
1536,-2.378972396,-8.484023571
1537,-2.373787584,-7.540234327
1538,-1.42188693,-1.425781965
1539,2.174101608,0
1540,4.034402815,0
1541,4.150050295,0
1542,4.721771006,0
1543,5.354163537,-5.96046E-08
1544,4.992855835,2.98023E-08
1545,4.493829525,-1.19209E-07
1546,3.297422152,0
1547,2.876929103,0
1548,-2.381820476,0
1549,2.982278309,0
1550,2.373027166,0
1551,0.838156185,0
1552,-0.13163564,-3.295745134
1553,-0.837887964,-6.927808881
1554,-1.586558239,-0.672712326
1555,1.28452573,0
1556,2.213463373,0
1557,2.29029611,0
1558,2.583440176,-2.98023E-08
1559,3.903569542,-1.19209E-07
1560,4.41520113,2.38419E-07
1561,3.781940501,8.9407E-08
1562,-5.29814669,0
1563,-1.02162773,0
1564,0.728811344,0
1565,0.988836825,0
1566,3.588556508,0
1567,3.557007638,-1.424317941
1568,0.723031943,-2.379448354
1569,0.113590532,-2.146207273
1570,1.645369652,0
1571,2.822892892,0
1572,2.982468577,0
1573,2.85349042,0
1574,2.550547535,0
1575,4.832697453,0
1576,4.778827727,0
1577,4.266030745,-4.47035E-08
1578,4.016041919,0
1579,3.371567349,-1.49012E-08
1580,3.605133638,0
1581,3.263483035,-0.158606797
1582,3.471719851,-4.551723063
1583,0.46339889,-6.525614142
1584,-1.822758556,-6.912576199
1585,-1.950113485,-5.864794493
1586,-1.096266435,-1.308962926
1587,1.291292148,0
1588,2.613966354,2.98023E-08
1589,2.739567247,-5.96046E-08
1590,3.245883213,2.98023E-08
1591,5.0416121,-5.96046E-08
1592,4.647269056,0
1593,4.23142569,2.68221E-07
1594,2.927409674,-1.19209E-07
1595,2.343868542,-4.47035E-08
1596,-0.081071826,0
1597,-2.857009729,0
1598,-0.383354718,0
1599,1.587004836,-4.548890591
1600,-1.194551929,-6.841132998
1601,-2.21851672,-6.391978502
1602,-1.176405085,-1.604807064
1603,1.302839058,0
1604,2.807005485,0
1605,3.561490836,-4.47035E-08
1606,3.366703614,0
1607,4.67937684,1.19209E-07
1608,4.738086517,-1.19209E-07
1609,2.64595522,-1.19209E-07
1610,-8.485022604,0
1611,-1.511354675,0
1612,-0.755103395,0
1613,1.169936617,-1.72137025
1614,2.62749919,-8.945238113
1615,-3.790163005,-10.35946798
1616,-5.837646645,-6.574751973
1617,-3.612024264,-4.560553908
1618,-0.653399017,-0.487745404
1619,2.468220799,0
1620,3.165042949,0
1621,3.028739461,0
1622,3.825381143,0
1623,5.40412087,0
1624,4.083729884,1.19209E-07
1625,2.635323976,5.96046E-08
1626,-7.681870177,0
1627,0.754616488,0
1628,3.267276511,0
1629,3.095273924,0
1630,0.861939729,0
1631,-0.171039025,0
1632,0.101044712,0
1633,1.452342413,0
1634,2.802022832,0
1635,2.906432588,0
1636,2.567505201,-1.49012E-08
1637,2.122645912,-5.96046E-08
1638,2.07894365,0
1639,3.856965689,5.96046E-08
1640,3.666709232,1.19209E-07
1641,3.357404249,2.98023E-08
1642,-1.292367698,-5.96046E-08
1643,-4.552366116,-2.98023E-08
1644,1.001430211,0
1645,1.596137717,0
1646,2.121872946,-1.49012E-08
1647,2.177324278,0
1648,2.607925334,0
1649,2.790761324,0
1650,2.93812416,0
1651,2.639390962,0
1652,2.155348284,-7.45058E-08
1653,1.929915967,-1.49012E-08
1654,1.8281224,0
1655,3.027871362,-5.96046E-08
1656,3.311430659,5.96046E-08
1657,0.970713765,-5.96046E-08
1658,-12.41244671,0
1659,-1.094268618,-2.98023E-08
1660,0.073491477,-2.98023E-08
1661,0.303763746,2.98023E-08
1662,1.063089048,0
1663,1.12445059,0
1664,2.153029388,0
1665,2.314876402,0
1666,2.593013052,-0.008795566
1667,2.696816327,-0.054959856
1668,2.692559073,-0.06090045
1669,2.570882465,-0.018871412
1670,2.502231266,0
1671,3.41956254,-5.96046E-08
1672,3.432465112,1.78814E-07
1673,0.293572497,-1.3411E-07
1674,-12.60494477,-7.45058E-09
1675,-4.207153928,2.79397E-09
1676,0.386542369,0
1677,-0.519967392,0
1678,-5.593966404,0
1679,2.753433053,0
1680,2.639973658,0
1681,2.632612652,-2.890848994
1682,0.952840432,0
1683,1.931450005,0
1684,2.001159571,0
1685,1.737352507,1.49012E-08
1686,1.926455461,0
1687,2.940787917,0
1688,3.055817025,5.96046E-08
1689,2.366046696,-1.19209E-07
1690,-7.570016172,-2.98023E-08
1691,-9.597979469,-8.9407E-08
1692,-4.53806626,-5.96046E-08
1693,-0.666581046,7.45058E-08
1694,1.24533045,-4.47035E-08
1695,2.208266668,1.49012E-08
1696,1.622882312,8.9407E-08
1697,1.712724647,1.3411E-07
1698,2.619091707,-5.96046E-08
1699,2.485737379,-2.98023E-08
1700,2.180546948,-5.96046E-08
1701,1.855937255,1.49012E-08
1702,1.53635778,-5.96046E-08
1703,3.212312742,5.96046E-08
1704,3.383637497,-1.19209E-07
1705,2.388450794,2.68221E-07
1706,-7.912951086,-5.96046E-08
1707,-1.182362863,1.19209E-07
1708,0.227180736,1.19209E-07
1709,0.435441334,-1.49012E-07
1710,1.070759241,8.9407E-08
1711,1.811723647,-2.68221E-07
1712,2.105236358,-8.9407E-08
1713,2.758320571,0
1714,2.951597537,8.9407E-08
1715,2.822012901,-2.98023E-08
1716,2.753195217,1.78814E-07
1717,2.650450309,-3.27826E-07
1718,2.630341323,1.19209E-07
1719,3.396290342,1.19209E-07
1720,3.593919697,3.27826E-07
1721,2.248401398,3.27826E-07
1722,-12.17084753,-5.96046E-08
1723,-5.656166317,0
1724,-0.603138444,-4.47035E-08
1725,0.352948114,-8.9407E-08
1726,0.940568123,0
1727,-0.778185324,-0.90701203
1728,2.127592889,-2.227057278
1729,1.212485376,-2.055543721
1730,1.086789349,-2.98023E-08
1731,2.04612236,0
1732,2.227376746,5.96046E-08
1733,2.285824804,2.98023E-08
1734,1.989719687,0
1735,3.145219365,1.19209E-07
1736,3.345298425,2.38419E-07
1737,2.493847567,-5.96046E-08
1738,-9.553783699,2.38419E-07
1739,-8.236472683,-2.08616E-07
1740,-0.596913102,-5.96046E-08
1741,0.436392676,4.47035E-08
1742,1.682852517,-2.98023E-08
1743,1.362761696,-2.98023E-08
1744,-0.417828965,-0.049851298
1745,1.811818781,0
1746,2.310333745,1.19209E-07
1747,2.264930961,-7.45058E-08
1748,1.907832947,-8.9407E-08
1749,1.654371723,8.9407E-08
1750,1.359420108,5.96046E-08
1751,2.763743219,5.96046E-08
1752,2.412020286,-8.9407E-08
1753,-0.078051316,-2.98023E-07
1754,-14.06138357,-1.19209E-07
1755,-15.99857697,5.96046E-08
1756,-7.121446649,0
1757,-3.436382795,-5.96046E-08
1758,-1.196181102,5.96046E-08
1759,-7.605637974,0
1760,1.432376128,1.49012E-08
1761,1.57776493,0
1762,1.442876563,0
1763,1.297107224,0
1764,0.940817851,2.98023E-08
1765,0.809520799,-2.98023E-08
1766,-5.96E-08,-5.96046E-08
